<?xml version='1.0' encoding='UTF-8'?>
<!DOCTYPE hibernate-configuration PUBLIC
"-//Hibernate/Hibernate Configuration DTD 3.0//EN"
"http://hibernate.sourceforge.net/hibernate-configuration-3.0.dtd">
<hibernate-configuration>
	<session-factory>
		<!-- Connection properties -->
	<!-- 	<property name="connection.driver_class">org.sqlite.JDBC</property>
		<property name="connection.url">jdbc:sqlite:C:\\Users\\vj839898\\Downloads\\SQLiteStudio\\printsupport\\MyDatabase.db</property>
		<property name="connection.username"></property>
		<property name="connection.password"></property> -->
		
		  <property name="show_sql">true</property>
        <property name="format_sql">true</property>
        <property name="dialect">org.hibernate.dialect.SQLiteDialect</property>
        <property name="connection.driver_class">org.sqlite.JDBC</property>
        <property name="connection.url">jdbc:sqlite:C:/Users/vj839898/Downloads/SQLiteStudio/printsupport/MyDatabase.db</property>
        <property name="connection.username"></property>
        <property name="connection.password"></property>
         
        <property name="hibernate.hbm2ddl.auto">update</property>
		
		<!-- hibernare properties -->
<!-- 		<property name="dialect">com.igate.sqlite.SQLiteDialect</property> -->
<!-- 		<property name="show_sql">true</property> -->
<!-- 		<property name="hbm2ddl.auto">update</property> -->
		
		<!-- resource mapping -->
		<mapping resource="com.igate.config.product.hbm.xml"/>
	</session-factory>
</hibernate-configuration>