<?xml version="1.0" encoding="UTF-8"?>
<beans xmlns="http://www.springframework.org/schema/beans"
	xmlns:xsi="http://www.w3.org/2001/XMLSchema-instance" xmlns:p="http://www.springframework.org/schema/p"
	xmlns:context="http://www.springframework.org/schema/context"
	xmlns:mvc="http://www.springframework.org/schema/mvc"
	xmlns:tx="http://www.springframework.org/schema/tx"
	xmlns:aop="http://www.springframework.org/schema/aop"
	xsi:schemaLocation="http://www.springframework.org/schema/beans 
                           http://www.springframework.org/schema/beans/spring-beans.xsd
                           http://www.springframework.org/schema/aop http://www.springframework.org/schema/aop/spring-aop.xsd
                           http://www.springframework.org/schema/context 
                           http://www.springframework.org/schema/context/spring-context.xsd
                           http://www.springframework.org/schema/tx
                           http://www.springframework.org/schema/tx/spring-tx.xsd
                           http://www.springframework.org/schema/mvc
                           http://www.springframework.org/schema/mvc/spring-mvc.xsd">
 	
 	<context:property-placeholder location="classpath:resources/DB.properties" /> 
 	<!-- <context:property-placeholder location="classpath:resources/UI.properties" />  --> 
	<context:component-scan base-package="com.igate.controller" />
 	<mvc:resources mapping="/resources/**" location="/resources/" />
	<mvc:annotation-driven />
	<bean id="jacksonMessageConverter" class="org.springframework.http.converter.json.MappingJacksonHttpMessageConverter"></bean>
	 <bean class="org.springframework.web.servlet.mvc.annotation.AnnotationMethodHandlerAdapter">
	<property name="messageConverters">
	  <list>
	    <ref bean="jacksonMessageConverter"/>
	  </list>
	</property>
</bean>
	<bean id="viewResolver"
    class="org.springframework.web.servlet.view.UrlBasedViewResolver">
    <property name="viewClass">
        <value>
            org.springframework.web.servlet.view.tiles2.TilesView
        </value>
    </property>
</bean>

<bean id="localeResolver"
		class="org.springframework.web.servlet.i18n.SessionLocaleResolver">
		<property name="defaultLocale" value="en" />
	</bean>
 
	<bean id="localeChangeInterceptor"
		class="org.springframework.web.servlet.i18n.LocaleChangeInterceptor">
		<property name="paramName" value="language" />
	</bean>
 
	<bean class="org.springframework.web.servlet.mvc.support.ControllerClassNameHandlerMapping" >
		<property name="interceptors">
		   <list>
			<ref bean="localeChangeInterceptor" />
		   </list>
		</property>
	</bean>
<bean id="tilesConfigurer"
    class="org.springframework.web.servlet.view.tiles2.TilesConfigurer">
    <property name="definitions">
        <list>
            <value>/WEB-INF/tiles.xml</value>
        </list>
    </property>
</bean>
	<bean  class="org.springframework.web.servlet.view.InternalResourceViewResolver">
		<property name="prefix">
			<value>/WEB-INF/jsp/</value>
		</property>
		<property name="suffix">
			<value>.jsp</value>
		</property>
	</bean>
	
<bean id="messageSource"
        class="org.springframework.context.support.ReloadableResourceBundleMessageSource">
        <!-- <property name="basename" value="classpath:messages" /> -->
        <!-- Added by Ajaya -->
        <property name="basenames" value="WEB-INF/properties/Messages"/>
        <property name="defaultEncoding" value="UTF-8" />
    </bean>
    
<bean id="UserDao" class="com.igate.DaoImpl.UserDaoImpl"/>
<bean id="UserService" class="com.igate.serviceImpl.UserServiceImpl"/>
<bean id="MasterDataDao" class="com.igate.DaoImpl.MasterDataDaoImpl"/>
<bean id="MasterDataService" class="com.igate.serviceImpl.MasterDataServiceImpl"/>
<bean id="TrainingDao" class="com.igate.DaoImpl.TrainingDaoImpl"/>
<bean id="TrainingService" class="com.igate.serviceImpl.TrainingServiceImpl"/>
<bean id="InterviewTrackerDao" class="com.igate.DaoImpl.InterviewTrackerDaoImpl"/>
<bean id="InterviewTrackerServiceImpl" class="com.igate.serviceImpl.InterviewTrackerServiceImpl"/>
<bean id="InterviewScheduleDao" class="com.igate.DaoImpl.InterviewScheduleDaoImpl"/>
<bean id="InterviewScheduleService" class="com.igate.serviceImpl.InterviewScheduleServiceImpl"/>
<bean id="SkillDao" class="com.igate.DaoImpl.SkillDaoImpl"/>
<bean id="SkillService" class="com.igate.serviceImpl.SkillServiceImpl"/>
<bean id="ProjectDao" class="com.igate.DaoImpl.ProjectDaoImpl"/>
<bean id="ProjectService" class="com.igate.serviceImpl.ProjectServiceImpl"/>
<bean id="BusinessUnitDao" class="com.igate.DaoImpl.BusinessUnitDaoImpl"/>
<bean id="BusinessUnitService" class="com.igate.serviceImpl.BusinessUnitServiceImpl"/>
<bean id="LocationDao" class="com.igate.DaoImpl.LocationDaoImpl"/>
<bean id="LocationService" class="com.igate.serviceImpl.LocationServiceImpl"/>
<bean id="SowDao" class="com.igate.DaoImpl.SowDaoImpl"/>
<bean id="SowService" class="com.igate.serviceImpl.SowServiceImpl"/>
<bean id="BeSheetDao" class="com.igate.DaoImpl.BeSheetDaoImpl"/>
<bean id="BeSheetService" class="com.igate.serviceImpl.BeSheetServiceImpl"/>

<bean class="org.apache.commons.dbcp.BasicDataSource" id="dataSource">  
 <property name="driverClassName" value="${database.driver}"></property>  
 <property name="url" value="${database.url}"></property>  
 <property name="username" value="${database.user}"></property>  
 <property name="password" value="${database.password}"></property>  
</bean> 
<!-- <bean class="org.springframework.beans.factory.config.CustomEditorConfigurer">
  <property name="customEditors">
    <map>
      <entry key="java.sql.Timestamp" value="com.igate.utilities.SqlTimestampPropertyEditor"></entry>
    </map>
  </property>
</bean> -->
 <!-- <bean id="jdbcTemplate" class="org.springframework.jdbc.core.JdbcTemplate">
 <property name="dataSource" ref="dataSource"></property>
 </bean> -->
 
  <bean id="sessionFactory"
        class="org.springframework.orm.hibernate4.LocalSessionFactoryBean">
        <property name="dataSource" ref="dataSource" />
         <property name="annotatedClasses">  
		  <list>  
		   <value>com.igate.model.User</value>
		   <value>com.igate.model.Skill</value>
		   <value>com.igate.model.UserProfile</value>
		   <value>com.igate.model.UserStatus</value>
		   <value>com.igate.model.UserRole</value>
		   <value>com.igate.model.UserType</value>
		   <value>com.igate.model.UserRolePK</value>
		   <value>com.igate.model.InterviewDetail</value>
		   <value>com.igate.model.InterviewResourceStatus</value>
		   <value>com.igate.model.InterviewSkill</value>
		   <value>com.igate.model.InterviewStatusType</value>
		   <value>com.igate.model.Training</value>
		   <value>com.igate.model.TrainingCategory</value>
		   <value>com.igate.model.TrainingMode</value>
		   <value>com.igate.model.TrainingStatus</value>
		   <value>com.igate.model.ModeOfInterview</value>
		   <value>com.igate.model.Location</value>
		   <value>com.igate.model.Project</value>
		   <value>com.igate.model.BusinessUnit</value>
		   <value>com.igate.model.BuProject</value>
		   <value>com.igate.model.BuProjectPK</value>
		   <value>com.igate.model.SkillLog</value>  
		   <value>com.igate.model.LocationLog</value>  
		   <value>com.igate.model.TrainingAssign</value> 
		   <value>com.igate.model.ProjectLog</value> 
		   <value>com.igate.model.Sow</value>
		   <value>com.igate.model.SowUsers</value>
		   <value>com.igate.model.SowUsersComposite</value>
		   <value>com.igate.model.BeSheet</value>
		   
		   
		  </list>  
		 </property>  
        <property name="hibernateProperties">
            <props>
                 <prop key="hibernate.dialect">${hibernate.dialect}</prop>  
    			<prop key="hibernate.show_sql">${hibernate.show_sql}</prop>  
            </props>
        </property>
    </bean>
 
  <tx:annotation-driven transaction-manager="transactionManager"/>
    <bean id="transactionManager"
        class="org.springframework.orm.hibernate4.HibernateTransactionManager">
        <property name="sessionFactory" ref="sessionFactory" />
    </bean>
  <!--  <mvc:annotation-driven>
        <mvc:message-converters>
            Use the HibernateAware mapper instead of the default
            <bean class="org.springframework.http.converter.json.MappingJackson2HttpMessageConverter">
                <property name="objectMapper">
                    <bean class="path.to.your.HibernateAwareObjectMapper" />
                </property>
            </bean>
        </mvc:message-converters>
    </mvc:annotation-driven> -->
 
</beans>