<?xml version="1.0" encoding="UTF-8" ?>
<!DOCTYPE tiles-definitions PUBLIC
       "-//Apache Software Foundation//DTD Tiles Configuration 2.0//EN"
       "http://tiles.apache.org/dtds/tiles-config_2_0.dtd">
<tiles-definitions>
    <definition name="base.definition" template="/WEB-INF/jsp/layout.jsp">
        <put-attribute name="title" value="" />
        <put-attribute name="header" value="/WEB-INF/jsp/header.jsp" />
        <put-attribute name="menu" value="/WEB-INF/jsp/menu.jsp" />
        <put-attribute name="body" value="" />
        <put-attribute name="footer" value="/WEB-INF/jsp/footer.jsp" />
    </definition>
 
     
    
  <definition name="updateProfile" extends="base.definition">
        <put-attribute name="title" value="ProfileUpdate Page" />
        <put-attribute name="body" value="/WEB-INF/jsp/updateProfile.jsp" />
    </definition>
     <definition name="changePassword" extends="base.definition">
        <put-attribute name="title" value="changePassword Page" />
        <put-attribute name="body" value="/WEB-INF/jsp/changePassword.jsp" />
    </definition>
 
    
  
    <definition name="addUser" extends="training.definition">
        <put-attribute name="title" value="AddUser Page" />
        <put-attribute name="body" value="/WEB-INF/jsp/registeruser.jsp" />
    </definition>  
    
    <definition name="training.definition" template="/WEB-INF/jsp/BlankLayOut.jsp">
        <put-attribute name="body" value="" />
        <put-attribute name="title" value="" />    
    </definition>
    
    <definition name="UserDatapopup" extends="training.definition">
        <put-attribute name="title" value="User Data popup" />
        <put-attribute name="body" value="/WEB-INF/jsp/displayuserlistinpopup.jsp" />
    </definition>
    
     <definition name="addTraining" extends="training.definition">
        <put-attribute name="title" value="AddTraining Page" />
        <put-attribute name="body" value="/WEB-INF/jsp/addTraining.jsp" />
    </definition>  
    
     <definition name="editUserData" extends="training.definition">
        <put-attribute name="title" value="edit User Data" />
        <put-attribute name="body" value="/WEB-INF/jsp/editUserData.jsp" />
    </definition>
    
     <definition name="updateTraining" extends="training.definition">
        <put-attribute name="title" value="Update Training Page" />
        <put-attribute name="body" value="/WEB-INF/jsp/updateTraining.jsp" />
    </definition>
    
    
    
    <definition name="mat.definition" template="/WEB-INF/jsp/MatLayOut.jsp">
        <put-attribute name="title" value="" />
        <put-attribute name="header" value="/WEB-INF/jsp/menu.jsp" />
      
        <put-attribute name="body" value="" />
        <put-attribute name="footer" value="/WEB-INF/jsp/MatFooter.jsp" />
    </definition>
    
    <definition name="gsmp.definition" template="/WEB-INF/jsp/MatLayOut.jsp">
        <put-attribute name="title" value="" />
        <put-attribute name="header" value="/WEB-INF/jsp/matHeadercopy.jsp" />
      
        <put-attribute name="body" value="" />
        <put-attribute name="footer" value="/WEB-INF/jsp/MatFootercopy.jsp" />
    </definition>
    
    <definition name="Registration" extends="gsmp.definition">
        <put-attribute name="title" value="Registration Page" />
        <put-attribute name="body" value="/WEB-INF/jsp/Registration.jsp" />
    </definition> 
    
    <!-- This is interview related pages -->
    
      <definition name="ViewInterview" extends="mat.definition">
        <put-attribute name="title" value="ViewInterview Page" />
        <put-attribute name="body" value="/WEB-INF/jsp/ViewInterview.jsp"/>
    </definition>
    
   <!--   <definition name="AddinterviewTracker" extends="mat.definition">
        <put-attribute name="title" value="Add Interview Tracker Page" />
        <put-attribute name="body" value="/WEB-INF/jsp/AddInterviewTracker.jsp" />
    </definition>  -->
    
    <!-- *************************** -->
    
     <definition name="viewUserList" extends="mat.definition">
        <put-attribute name="title" value="View Resource List" />
        <put-attribute name="body" value="/WEB-INF/jsp/viewUserList.jsp" />
    </definition>
    
    <definition name="trainingAssign" extends="mat.definition">
        <put-attribute name="title" value="View trainingAssign" />
        <put-attribute name="body" value="/WEB-INF/jsp/trainingAssign.jsp"/>
    </definition>
    	
    	<!-- <definition name="home" extends="mat.definition">
        <put-attribute name="title" value="Home Page" />
        <put-attribute name="body" value="/WEB-INF/jsp/home.jsp" />
        </definition> -->
    
     <definition name="addViewEditTraining" extends="mat.definition">
        <put-attribute name="title" value="addViewEditTraining Page" />
        <put-attribute name="body" value="/WEB-INF/jsp/addViewEditTraining.jsp" />
    </definition>
    
     <definition name="Login Page" extends="mat.definition">
        <put-attribute name="title" value="Login Page" />
        <put-attribute name="body" value="/WEB-INF/jsp/login.jsp" />
    </definition>
    
    <definition name="viewTrainingCalendar" extends="mat.definition">
        <put-attribute name="title" value="viewTrainingCalendar Page" />
        <put-attribute name="body" value="/WEB-INF/jsp/viewTrainingCalendar.jsp"/>
    </definition>
    
    
    <definition name="addViewEditUser" extends="mat.definition">
        <put-attribute name="title" value="addViewEditUser Page" />
        <put-attribute name="body" value="/WEB-INF/jsp/addViewEditUser.jsp" />
    </definition>
     <definition name="addViewEditSkill" extends="mat.definition">
        <put-attribute name="title" value="addViewEditSkill Page" />
        <put-attribute name="body" value="/WEB-INF/jsp/addViewEditSkill.jsp" />
    </definition>
    
    
    <definition name="addViewEditProject" extends="mat.definition">
        <put-attribute name="title" value="addViewEditProject Page" />
        <put-attribute name="body" value="/WEB-INF/jsp/addViewEditProject.jsp" />
    </definition>

   
      <definition name="addViewEditBunit" extends="mat.definition">
        <put-attribute name="title" value="addViewEditBunit Page" />
        <put-attribute name="body" value="/WEB-INF/jsp/addViewEditBunit.jsp" />
    </definition>
    
     <definition name="addViewEditCourse" extends="mat.definition">
        <put-attribute name="title" value="addViewEditCourse Page" />
        <put-attribute name="body" value="/WEB-INF/jsp/addViewEditCourse.jsp" />
    </definition>
    
      
     <definition name="addAdminUser" extends="training.definition">
        <put-attribute name="title" value="addAdminUser Page" />
        <put-attribute name="body" value="/WEB-INF/jsp/registeruser.jsp" />
     </definition>
     
     <definition name="addSkill" extends="training.definition">
        <put-attribute name="title" value="addSkill Page" />
        <put-attribute name="body" value="/WEB-INF/jsp/addSkill.jsp" />
     </definition>
     
     <definition name="addProject" extends="training.definition">
        <put-attribute name="title" value="addProject Page" />
        <put-attribute name="body" value="/WEB-INF/jsp/addProject.jsp" />
     </definition>

     
      <definition name="addBuUnit" extends="training.definition">
        <put-attribute name="title" value="addBuUnit Page" />
        <put-attribute name="body" value="/WEB-INF/jsp/addBuUnit.jsp" />
     </definition>
     
     <!--I am Added Update Pages-->
     
     <definition name="updateSkill" extends="training.definition">
        <put-attribute name="title" value="updateSkill Page" />
        <put-attribute name="body" value="/WEB-INF/jsp/updateSkill.jsp" />
     </definition>
     
   <definition name="updateProject" extends="training.definition">
        <put-attribute name="title" value="updateProject Page" />
        <put-attribute name="body" value="/WEB-INF/jsp/updateProject.jsp" />
     </definition>

     
      <definition name="updateBuUnit" extends="training.definition">
        <put-attribute name="title" value="updateBuUnit Page" />
        <put-attribute name="body" value="/WEB-INF/jsp/updateBuUnit.jsp" />
     </definition>
      
      <definition name="addViewEditLocation" extends="mat.definition">
        <put-attribute name="title" value="addViewEditLocation Page" />
        <put-attribute name="body" value="/WEB-INF/jsp/addViewEditLocation.jsp"/>
    </definition>
    
    
    <definition name="updateLocation" extends="training.definition">
        <put-attribute name="title" value="updateLocation Page" />
        <put-attribute name="body" value="/WEB-INF/jsp/updateLocation.jsp"/>
    </definition>
    
      <definition name="SOWPage" extends="mat.definition">
        <put-attribute name="title" value="SOW Page" />
        <put-attribute name="body" value="/WEB-INF/jsp/SOWPage.jsp" />
    </definition>
     <definition name="BESheet" extends="mat.definition">
        <put-attribute name="title" value="BE sheet Revenue Page" />
        <put-attribute name="body" value="/WEB-INF/jsp/BESheet.jsp" />
    </definition>
     
</tiles-definitions>